sentence,emotion_1,emotion_2,emotion_3
I feel like nobody understands me.,sadness (0.67),anger (0.33),neutral (0.17)
Today was the happiest day of my life.,joy (0.80),realization (0.09),neutral (0.08)
I think something bad is about to happen.,sadness (0.45),fear (0.23),anxiety (0.12)
I regret what I said to my friend.,guilt (0.90),anger (0.12),shame (0.08)
Why does everything feel meaningless?,confusion (0.57),neutral (0.35),curiosity (0.21)
I am so excited for tomorrow!,joy (0.99),neutral (0.01),love (0.00)
I feel embarrassed after that meeting.,shame (0.97),guilt (0.14),joy (0.04)
Nobody even noticed I was gone.,neutral (0.44),realization (0.36),sadness (0.33)
I love spending time with my family.,love (0.97),joy (0.08),realization (0.01)
I cannot stop worrying about the future.,sadness (0.31),fear (0.20),anxiety (0.18)
I am surrounded by people but still feel completely alone.,sadness (0.94),neutral (0.10),confusion (0.04)
I keep smiling so nobody realizes how exhausted I am.,sadness (0.88),realization (0.38),joy (0.16)
"I do not feel sad exactly, I just feel empty.",sadness (0.98),neutral (0.06),joy (0.03)
I feel like I am slowly disappearing from everyone's life.,sadness (0.81),neutral (0.38),realization (0.16)
I am afraid I will disappoint everyone again.,fear (0.96),sadness (0.22),anxiety (0.07)
I replay that conversation in my head and hate myself for it.,anger (0.97),sadness (0.03),realization (0.03)
I want to ask for help but I feel like a burden.,sadness (0.89),love (0.40),guilt (0.08)
I feel calm on the outside but panicked inside.,fear (0.86),anxiety (0.24),confusion (0.04)
I do not know what I feel anymore.,confusion (0.91),neutral (0.18),sadness (0.03)
I miss someone who probably does not even think about me.,sadness (0.96),neutral (0.11),love (0.09)
I feel proud of myself but also scared it will not last.,fear (0.95),joy (0.45),sadness (0.05)
I am angry that I always have to pretend I am okay.,anger (0.97),sadness (0.13),realization (0.02)
I feel guilty for needing rest.,guilt (0.95),shame (0.11),sadness (0.10)
"I feel hopeful, but I am also afraid of being let down.",fear (0.96),joy (0.17),anxiety (0.12)
I feel invisible even when I am in the room.,anger (0.63),neutral (0.22),shame (0.12)
