benchmark_mode,concept_or_cluster,sentence,emotion_1,emotion_2,emotion_3
positive,confidence,I believe in myself more than I used to.,joy (0.97),realization (0.95),love (0.03)
positive,confidence,I trust my ability to handle this.,joy (0.99),realization (0.57),love (0.05)
positive,confidence,I feel capable of overcoming challenges.,joy (0.99),realization (0.45),fear (0.20)
positive,confidence,I am confident in the choices I make.,joy (1.00),realization (0.58),fear (0.04)
positive,confidence,I know I can figure this out.,neutral (0.62),realization (0.31),joy (0.27)
positive,achievement,I am proud of what I accomplished.,joy (1.00),realization (0.35),sadness (0.00)
positive,achievement,My hard work finally paid off.,joy (0.99),realization (0.63),love (0.04)
positive,achievement,I reached a goal that mattered to me.,joy (0.76),realization (0.74),love (0.38)
positive,achievement,I completed something difficult today.,realization (0.95),fear (0.08),joy (0.07)
positive,achievement,I made meaningful progress.,joy (0.99),realization (0.16),neutral (0.01)
positive,gratitude,I feel thankful for the support I received.,joy (0.98),love (0.70),realization (0.09)
positive,gratitude,I appreciate the people in my life.,joy (1.00),love (0.12),realization (0.00)
positive,gratitude,I am grateful for today's small blessings.,joy (1.00),love (0.09),realization (0.01)
positive,gratitude,I feel thankful for this opportunity.,joy (0.99),love (0.53),realization (0.03)
positive,gratitude,I appreciate how far I have come.,joy (1.00),love (0.04),realization (0.01)
positive,belonging,I feel accepted by the people around me.,joy (0.98),love (0.62),realization (0.27)
positive,belonging,I finally feel like I belong.,realization (0.88),joy (0.86),love (0.59)
positive,belonging,I feel included and valued.,love (0.98),joy (0.86),realization (0.18)
positive,belonging,I feel connected to my community.,joy (0.94),love (0.92),realization (0.30)
positive,belonging,I feel understood by those around me.,joy (0.99),realization (0.61),love (0.11)
positive,hope,I believe things can improve.,joy (1.00),realization (0.11),fear (0.01)
positive,hope,I feel hopeful about the future.,joy (1.00),fear (0.29),confusion (0.02)
positive,hope,I can see a path forward.,neutral (0.91),joy (0.24),realization (0.13)
positive,hope,I think better days are ahead.,joy (0.90),realization (0.17),neutral (0.12)
positive,hope,I still have hope despite the challenges.,joy (1.00),love (0.02),fear (0.01)
positive,curiosity,I want to learn something new.,joy (0.96),curiosity (0.52),love (0.02)
positive,curiosity,I am curious about how this works.,curiosity (0.98),joy (0.20),anger (0.01)
positive,curiosity,I wonder what would happen if I tried.,surprise (0.68),curiosity (0.45),confusion (0.03)
positive,curiosity,I enjoy exploring new ideas.,joy (1.00),love (0.01),realization (0.01)
positive,curiosity,I want to understand this more deeply.,curiosity (0.94),joy (0.16),neutral (0.07)
